Federal Government,State Government Agencies,State Governments,Local Governments,International Government,Legal,Nonprofits,Foundations,Media,Aerospace and Transportation,Energy,Financial Services,Insurance,Pharma and Biotech and Chemicals,Technology,Consumer Goods and Services,Medical Institutions,Universities and Colleges,K-12 Schools
department of veterans affairs,new jersey department of transportation,state of minnesota,county of riverside,government of saskatchewan communitynet,us dept of justice,natural resources defense counci,hewlettfoundation,thomson reuters (legal) inc.,the boeing company,jackson energy authority,bank of america,state farm mutual automobile insurance company,basf corporation,microsoft corporation,fedex,the johns hopkins medical institutions,university of missouri ,georgia department of education
department of education,indiana office of technology,state of maryland,city of philadelphia,wolverhampton,administrative office of the united states courts ,environmental defense fund,,disney worldwide services inc.,general motors corporation,dte energy company,jpmorgan chase & co.,allstate insurance company,abbott laboratories,aol inc.,lowe s companies inc.,university of michigan medical center (mcit),california state university office of the chancellor,indiana department of education
u.s. environmental protection agency,state of wi dept. of administration,state of delaware,the city of new york,haringey,new york state unified court system,npra,,turner broadcasting system inc.,honeywell international inc.,chevron corporation,bloomberg financial market,nationwide mutual insurance company,johnson & johnson,google inc.,target corporation,hca hospital corporation of america,university of washington,kentucky department of education
u.s. house of representatives,south carolina budget and control board - chs lan,state of north dakota itd,lafayette consolidated government,edinburgh,california department of justice,center for american progress,,cbs corporation,ford motor company,southern california gas company,wells fargo & company,progressive casualty insurance companies,merck and co. inc.,intel corporation,kpmg llp,massachusetts general hospital,university of california los angeles,wv department of education
headquarters usaisc,vermont department of information and innovation,state of rhode island,king county gov,province of british columbia,state of connecticut judicial branch,pilgrim place,,nbcuniversal,northrop grumman corp.,duke power company,pricewaterhousecoopers llp,marsh inc.,the dow chemical company,hewlett-packard company,united parcel service,mayo foundation for medical education and research,columbia university,los angeles unified school district
united states senate,florida department of environmental protection,state of connecticut,county of los angeles,the city of wadsworth,shute mihaly & weinberger,national parks conservation association,,fox entertainment group inc.,raytheon company,clarksville department of electricity,dean witter financial services,prudential,pfizer inc.,apple inc.,panera bread,university of florida/university medical center,university of nebraska,broward county school board
usda office of operations,sc state budget and control board 1616 richlnd - cae lan,state of oregon,county of marin,,sidley and austin,the world bank group,,espn inc.,rockwell collins inc.,solar turbines inc. mz g1,american express company,the st. paul travelers companies inc.,amgen inc.,mcafee inc.,edelman pr,cleveland clinic foundation,university of hawaii,clark county school district
navy network information center,texas commission on environmental quality,commonwealth of massachusetts,arlington county government,,texas attorney general,the interchurch center,,time inc.,lockheed martin corporation,the light plant commission of the city of paragould,state street bank and trust company,,bayer corporation,facebook inc.,bechtel corporation,swedish medical center,duke university,san bernardino county superintendent of schools
dod network information center,california department of water resources,state of arkansas,hennepin county gov center,,o grady peyton int l,river keeper,,tribune publishing company llc,delta air lines,emerson electric co.,colony capital,,bristol-myers squibb company,dell inc.,hdr inc.,st. joseph health system,university of colorado,maine libraries/dept. of education
national aeronautics and space administration,california department of corrections,alaska state government,palm beach county,,bicker castillo fairbanks,the mitre corporation,,universal music group inc.,,bonneville power administration,massachusetts mutual,,,automatic data processing inc.,whole foods market services inc.,memorial sloan kettering,stanford university,orange county department of education
national park service,florida department of agriculture and consumer services,state of illinois,city of los angeles,,fti consulting,united nations logistics base,,the new york times company,,general electric company,fidelity investments,,,salesforce.com inc.,costco companies inc.,northwestern memorial hospital,new york university,san diego county office of education
us forest service,state of missouri office of administration,commonwealth of kentucky,wyckoff township,,troutman sanders llp,the nature conservancy,,kqed inc.,,national renewable energy laboratory,national city corporation,,,messagelabs inc.,walgreens,the children s hospital of philadelphia,university of wisconsin madison,san diego unified school district
bureau of land management,new york state assembly/nysernet,state of tennessee,santa clara county,,maryland administrative office of the courts,conservancy of sw fl,,sony pictures entertainment inc,,exxon mobil corporation,citigroup,,,ibm corporation,nordstrom inc.,new york city health & hospitals corporation,yale university,the school district of palm beach county
u.s. fish and wildlife service irm/bfo hq,south carolina budget and control board - cae lan,government of the district of columbia,san bernardino county,,fbi criminal justice information systems,,,,,firstenergy,,,,stumbleupon inc.,xerox corporation,national jewish medical and research center corporation,temple university,erie 1 boces
national institutes of health,maine bureau of taxation,state of montana,city and county of denver,,,,,,,dalton utilities,,,,amazon corporate llc,mgm mirage inc.,advocate health care,harvard university,orange county public schools
u.s. department of energy,new york city transit authority,state of utah,city of chicago,,,,,,,dominion virginia power,,,,yahoo! inc.,waste management inc.,overlake hospital medical center,cornell university,contra costa county office of education
social security administration,state of mississippi - mde,state of idaho,city of jacksonville florida,,,,,,,hawaiian electric industries inc.,,,,,deloitte services lp,seton medical center,university of maryland,macomb intermediate school district
u.s. department of state,state of new jersey department of treasury/,state of washington,city of salisbury north carolina,,,,,,,general atomic fusion user service center,,,,,buttrey food & drug,siemens medical solutions health services corporation,michigan state university,oakland schools
national oceanic and atmospheric administration,state of wyoming department a&i,state of new mexico,croydon,,,,,,,pg&e,,,,,,genesis healthcare corp,colorado state university,baltimore county public schools
federal aviation administration,state of california air resources board,state of maine,city of phoenix,,,,,,,florida power & light company,,,,,,methodist hospital of indiana,the pennsylvania state university,los angeles county office of education
department of housing and urban development,texas health and human services commission,arizona state government,hennepin county general services dept.,,,,,,,arrowhead electric cooperative inc.,,,,,,dana-farber cancer institute,wyoming community college commission,albuquerque public schools
internal revenue service,,state of nevada,city of dallas,,,,,,,southern california edison,,,,,,dignity health,university of michigan,pinellas county schools
general services admin,,michigan state government,city of roseville - minnesota,,,,,,,,,,,,,the fred hutchinson cancer research center,ohio state university,montgomery county public schools
u.s. center for disease control and prevention,,state of mississippi,fairfax county government,,,,,,,,,,,,,university of nebraska medical center,university of florida,houston independent school district
united states patent and trademark office,,state of new jersey,city of albuquerque,,,,,,,,,,,,,johns hopkins university applied physics laboratory,university of north carolina at chapel hill,miami-dade county public schools
national center for atmospheric research,,,city of aurora,,,,,,,,,,,,,intermountain health care,university of utah,district school board of pasco county
health & welfare agency data center,,,adams county,,,,,,,,,,,,,university of colorado hospital,oregon state university,ventura county office of education
u.s. dept. of commerce - noaa - nmfs,,,port of seattle,,,,,,,,,,,,,cedars-sinai health systems,university of illinois,nevada system of higher education
department of transportation,,,city of boulder,,,,,,,,,,,,,the university of texas m.d. anderson cancer center,university of minnesota,sacramento county office of education
u.s. department of transportation,,,public utility district no. 1 of okanogan county,,,,,,,,,,,,,centura health,university of montana,kings county office of education
department of administrative services,,,city of austin texas,,,,,,,,,,,,,lutheran medical center,rutgers university,dallas independent school district
executive office of the president,,,city of sandy,,,,,,,,,,,,,lancaster general health,arizona state university,monroe #1 boces
national oceanic and atmospheric administration,,,city of seattle,,,,,,,,,,,,,rush university medical center,university of virginia,albany schoharie schenectady boces
the national oceanic and atmospheric administration,,,alameda county,,,,,,,,,,,,,immanuel medical center,indiana university,boces southern westchester lower hudson regional information cen
us doi bureau of land management,,,pima county,,,,,,,,,,,,,community health systems professional services corporation,university of southern california,kamehameha schools bishop estate
lawrence berkeley national laboratory,,,palm beach county 20 s military,,,,,,,,,,,,,virginia mason medical center,university of chicago,loudoun county public schools
u.s. geological survey,,,county of lake,,,,,,,,,,,,,mount sinai school of medicine,american university,denver public schools
health and welfare agency data center,,,contra costa housing authority,,,,,,,,,,,,,university hospitals health system,university of california san francisco,fairfax county public schools
smithsonian institution,,,county of san mateo,,,,,,,,,,,,,catholic healthcare partners,university of texas at austin,kern county superintendent of schools
indian health service,,,msd of washington township,,,,,,,,,,,,,mercy health plan,university of new mexico,poudre school district r-1
united states postal service.,,,city of wyandotte,,,,,,,,,,,,,vcu health system authority,university of california irvine,la county office of education
u.s. department of the interior,,,county of sacramento,,,,,,,,,,,,,ohiohealth corporation,university of california at berkeley,prince william county schools
department of interior,,,city of opelika al,,,,,,,,,,,,,montefiore medical center,the george washington university,spokane school district # 81
u.s. dept. of agriculture - fs,,,metropolitan government of nashville,,,,,,,,,,,,,,georgetown university,jeffco public schools
los alamos national laboratory,,,city of el paso,,,,,,,,,,,,,,university of arizona,virginia beach city public schools
noaa-boulder,,,city of cerritos,,,,,,,,,,,,,,university of california santa cruz,san diego city schools
,,,city of portland,,,,,,,,,,,,,,north carolina state university,ocm boces
,,,city of richmond,,,,,,,,,,,,,,university of california santa barbara,polk county public schools
,,,nyc economic development corporation,,,,,,,,,,,,,,florida state university,the el paso independent school district (episd)
,,,city of riverside,,,,,,,,,,,,,,vanderbilt university,miss state of education
,,,south coast air quality management district,,,,,,,,,,,,,,texas a&m university,santa clara county office of education
,,,town of concord ma,,,,,,,,,,,,,,university of oregon,austin independent school district
,,,city of temecula,,,,,,,,,,,,,,georgia institute of technology,fort worth isd
,,,state of california-dts-mis city of long beach,,,,,,,,,,,,,,board of regents of the university system of georgia,seattle school district
,,,charter county of wayne,,,,,,,,,,,,,,university of california,mesa school district
,,,city of boston,,,,,,,,,,,,,,west virginia university,the school district of lee county
,,,,,,,,,,,,,,,,,minnesota state colleges and universities,gv/wfl boces educational technologyservice
,,,,,,,,,,,,,,,,,massachusetts institute of technology,madison-oneida boces
,,,,,,,,,,,,,,,,,university of california davis,sarasota district schools
,,,,,,,,,,,,,,,,,boston university,school board of alachua county
,,,,,,,,,,,,,,,,,university of maryland at baltimore,genesee isd
,,,,,,,,,,,,,,,,,washington university,ottawa area isd
,,,,,,,,,,,,,,,,,long beach unified school district,school district of volusia county
,,,,,,,,,,,,,,,,,northwestern university,east side union high school district
,,,,,,,,,,,,,,,,,san jose state university,northside independent school district
,,,,,,,,,,,,,,,,,washington state board for community & technical colleges,san mateo county office of education
,,,,,,,,,,,,,,,,,appalachian state university,hillsborough county public schools
,,,,,,,,,,,,,,,,,hollywood academy of arts and sciences,the school board of brevard county
,,,,,,,,,,,,,,,,,university of miami,unified school district #259
,,,,,,,,,,,,,,,,,university of missouri-columbia,tucson unified school district #1
,,,,,,,,,,,,,,,,,florida international university,winston-salem/forsyth county schools
,,,,,,,,,,,,,,,,,university of massachusetts,gwinnett county public schools
,,,,,,,,,,,,,,,,,oklahoma state regents for higher education,eastern suffolk boces
,,,,,,,,,,,,,,,,,university of california san diego,hawaii dept. of education
,,,,,,,,,,,,,,,,,oregon health & science university,bellevue school district #405
,,,,,,,,,,,,,,,,,pace university,broome - tioga boces
,,,,,,,,,,,,,,,,,vermont law school,corona-norco unified school district
,,,,,,,,,,,,,,,,,lewis & clark college,davis school district
,,,,,,,,,,,,,,,,,northern arizona university,alameda county office of education
,,,,,,,,,,,,,,,,,humboldt state university,montebello unified school district
,,,,,,,,,,,,,,,,,college of william and mary,portland public schools
,,,,,,,,,,,,,,,,,syracuse university,lewisville isd
,,,,,,,,,,,,,,,,,university of houston,dallas county schools
,,,,,,,,,,,,,,,,,university of pennsylvania,peoria school district 11
,,,,,,,,,,,,,,,,,princeton university,elgin school district u-46
,,,,,,,,,,,,,,,,,purdue university,katy independent school district
,,,,,,,,,,,,,,,,,the university of georgia,scbacb - greenville county schools dist ofc - gsp lan
,,,,,,,,,,,,,,,,,virginia community college system,manatee county public schools
,,,,,,,,,,,,,,,,,california polytechnic state university,conroe independent school district
,,,,,,,,,,,,,,,,,university of pittsburgh,collier county public schools
,,,,,,,,,,,,,,,,,northeastern university,cleveland municipal school district
,,,,,,,,,,,,,,,,,university of alaska,youngstown city schools
,,,,,,,,,,,,,,,,,claremont university consortium,clackamas education service district
,,,,,,,,,,,,,,,,,university of denver,lamar consolidated independent school district
,,,,,,,,,,,,,,,,,university of delaware,oakland unified school district
,,,,,,,,,,,,,,,,,university of iowa,bureau of indian education
,,,,,,,,,,,,,,,,,portland state university,salem-keizer public schools
,,,,,,,,,,,,,,,,,san francisco state university,san francisco unified school district
,,,,,,,,,,,,,,,,,the city university of new york,des moines public schools
,,,,,,,,,,,,,,,,,montana state university,hayward unified school district
,,,,,,,,,,,,,,,,,university of connecticut,greater southern tier (gst) boces
,,,,,,,,,,,,,,,,,indiana university - purdue university fort wayne,rockford public schools
,,,,,,,,,,,,,,,,,maricopa county community college district,the school district of kansas city missouri
,,,,,,,,,,,,,,,,,university of new hampshire,cherry creek school district #5
,,,,,,,,,,,,,,,,,california state university northridge,fort bend independent school dist.
,,,,,,,,,,,,,,,,,university of kentucky,las cruces public schools
,,,,,,,,,,,,,,,,,ohio university,multnomah education service district
,,,,,,,,,,,,,,,,,university of nevada reno,cypress-fairbanks isd
,,,,,,,,,,,,,,,,,tufts university,school district of indian river county
,,,,,,,,,,,,,,,,,university of rochester,state of tennessee department of education
,,,,,,,,,,,,,,,,,university of notre dame,fountain - fort carson school district
,,,,,,,,,,,,,,,,,new mexico state university,mobile county public school system
,,,,,,,,,,,,,,,,,university of cincinnati,aurora public schools
,,,,,,,,,,,,,,,,,university of san francisco,deer valley unified school district #97
,,,,,,,,,,,,,,,,,emory university,colorado springs school district 11
,,,,,,,,,,,,,,,,,san diego state university,the school district of escambia county
,,,,,,,,,,,,,,,,,brown university,arkansas public school computer network
,,,,,,,,,,,,,,,,,illinois state university,tulare city school district
,,,,,,,,,,,,,,,,,virginia commonwealth university,clovis unified school district
,,,,,,,,,,,,,,,,,george mason university,stanislaus county office of education
,,,,,,,,,,,,,,,,,grand valley state university,chula vista elementary school
,,,,,,,,,,,,,,,,,williams college campus,nebo school district
,,,,,,,,,,,,,,,,,university of central florida,fremont unified school district
,,,,,,,,,,,,,,,,,california state university at fresno,norfolk public schools administration
,,,,,,,,,,,,,,,,,loyola marymount university,brownsville independent school district
,,,,,,,,,,,,,,,,,loyola university chicago,corpus christi isd
,,,,,,,,,,,,,,,,,the trustees of columbia university in the city of new york,san jose unified school district
,,,,,,,,,,,,,,,,,university of kansas,gilbert public schools
,,,,,,,,,,,,,,,,,university of north texas,anchorage school district
,,,,,,,,,,,,,,,,,california state university long beach,plymouth public schools
,,,,,,,,,,,,,,,,,state university of new york at stony brook,solano county office of education
,,,,,,,,,,,,,,,,,csu monterey bay,elk grove school district
,,,,,,,,,,,,,,,,,tulane university,jordan school district
,,,,,,,,,,,,,,,,,dartmouth college,boulder valley school district (bvsd)
,,,,,,,,,,,,,,,,,miami university,rio rancho public schools
,,,,,,,,,,,,,,,,,nova university,spring isd
,,,,,,,,,,,,,,,,,santa clara university,bay district schools
,,,,,,,,,,,,,,,,,university of idaho,boise independent school district
,,,,,,,,,,,,,,,,,washington state university,chesterfield county public sch
,,,,,,,,,,,,,,,,,joan and sanford i. weill medical college and graduate school of,yolo county office of education
,,,,,,,,,,,,,,,,,university of south carolina,dubuque community school
,,,,,,,,,,,,,,,,,boston college,forest hills public schools
,,,,,,,,,,,,,,,,,university of alabama at birmingham - the university computer ce,alvord unified school district
,,,,,,,,,,,,,,,,,university of illinois at chicago,charleston county school district
,,,,,,,,,,,,,,,,,california state university sacramento,hazleton area school district
,,,,,,,,,,,,,,,,,kansas state university,springfield public schools
,,,,,,,,,,,,,,,,,carnegie mellon university,washington county board of education
,,,,,,,,,,,,,,,,,the art institutes international,allentown school district
,,,,,,,,,,,,,,,,,state university of new york at buffalo,imperial county office of education
,,,,,,,,,,,,,,,,,cal state fullerton,north east independent school district
,,,,,,,,,,,,,,,,,binghamton university,concordia parish school board
,,,,,,,,,,,,,,,,,middlebury college,kyrene school district information systems and education techno
,,,,,,,,,,,,,,,,,university of california riverside,kern high school district
,,,,,,,,,,,,,,,,,brandeis university,orange-ulster boces
,,,,,,,,,,,,,,,,,university of texas system,district of columbia public schools
,,,,,,,,,,,,,,,,,university of maine system,st. tammany parish school board
,,,,,,,,,,,,,,,,,ball state university,tennessee board of regents
,,,,,,,,,,,,,,,,,colgate university,calhoun isd
,,,,,,,,,,,,,,,,,occidental college,alief isd
,,,,,,,,,,,,,,,,,university of south florida,lower merion school district
,,,,,,,,,,,,,,,,,university of wyoming,scbacb - cherokee county schools - gsp lan
,,,,,,,,,,,,,,,,,university of tennessee,rochester city schools
,,,,,,,,,,,,,,,,,western washington university,frisco independent school district
,,,,,,,,,,,,,,,,,eastern kentucky university,tredyffrin/easttown school district
,,,,,,,,,,,,,,,,,fordham university,leander independent school district
,,,,,,,,,,,,,,,,,kent state university,pasco school district
,,,,,,,,,,,,,,,,,florida atlantic university,clear creek isd
,,,,,,,,,,,,,,,,,uc hastings,leon county school district
,,,,,,,,,,,,,,,,,wake forest university,twin rivers unified school district
,,,,,,,,,,,,,,,,,college of charleston,canyons school district
,,,,,,,,,,,,,,,,,st michael s college,rockwall isd
,,,,,,,,,,,,,,,,,university of nebraska-lincoln,spring branch independent school district
,,,,,,,,,,,,,,,,,university of oklahoma,napa valley unified school district
,,,,,,,,,,,,,,,,,dallas county community college district,stamford public schools
,,,,,,,,,,,,,,,,,the evergreen state college,dufferin-peel catholic district school board
,,,,,,,,,,,,,,,,,vassar college,united independent school district
,,,,,,,,,,,,,,,,,saint john s university - college of saint benedict,rapid city public schools
,,,,,,,,,,,,,,,,,rochester institute of technology,nsw department of education
,,,,,,,,,,,,,,,,,colorado community college system,paterson public schools
,,,,,,,,,,,,,,,,,university of north carolina at wilmington,jefferson parish school board
,,,,,,,,,,,,,,,,,university of richmond,boston public schools
,,,,,,,,,,,,,,,,,california state university chico,independent school district 625
,,,,,,,,,,,,,,,,,bowling green state university,jmcss - board of education
,,,,,,,,,,,,,,,,,western carolina university,prosper isd
,,,,,,,,,,,,,,,,,oklahoma state university,clayton county public schools
,,,,,,,,,,,,,,,,,sonoma state university,fairbanks north star borough school district
,,,,,,,,,,,,,,,,,central michigan university,keller isd
,,,,,,,,,,,,,,,,,johns hopkins university,socorro independent school district
,,,,,,,,,,,,,,,,,texas tech university,tangipahoa parish school system
,,,,,,,,,,,,,,,,,miami dade college,yonkers public schools
,,,,,,,,,,,,,,,,,st. louis university,baldwin county board of education
,,,,,,,,,,,,,,,,,wellesley college,cincinnati public schools
,,,,,,,,,,,,,,,,,smith college,ector county isd
,,,,,,,,,,,,,,,,,rollins college,highline school district
,,,,,,,,,,,,,,,,,university of vermont,higley unified school district
,,,,,,,,,,,,,,,,,university of mississippi,school district of janesville
,,,,,,,,,,,,,,,,,western michigan university,garden grove unified school district
,,,,,,,,,,,,,,,,,university of arkansas,lapeer isd
,,,,,,,,,,,,,,,,,florida gulf coast university,madera county office of education
,,,,,,,,,,,,,,,,,indianapolis public schools,eugene school district 4j
,,,,,,,,,,,,,,,,,southern illinois university,phoenix union high school district
,,,,,,,,,,,,,,,,,university of new mexico health sciences center,ulster county boces
,,,,,,,,,,,,,,,,,clemson university,academy school district 20
,,,,,,,,,,,,,,,,,concordia college,bethlehem area school district
,,,,,,,,,,,,,,,,,georgia state university,killeen isd
,,,,,,,,,,,,,,,,,school sisters of notre dame,la joya independent school distr
,,,,,,,,,,,,,,,,,university of texas at san antonio,st. louis public schools
,,,,,,,,,,,,,,,,,the university of alabama,merced county office of education
,,,,,,,,,,,,,,,,,rice university,school sisters of notre d414s600046tim
,,,,,,,,,,,,,,,,,western kentucky university,st lucie county school district
,,,,,,,,,,,,,,,,,depaul university,hartford public schools
,,,,,,,,,,,,,,,,,fashion institute of technology,nsw department of education and communities
,,,,,,,,,,,,,,,,,montclair state university,harrison school district two
,,,,,,,,,,,,,,,,,university at albany state university of new york,st johns county school district
,,,,,,,,,,,,,,,,,university of north carolina at greensboro,weld county school district six
,,,,,,,,,,,,,,,,,portland community college,york region district school board
,,,,,,,,,,,,,,,,,texas state university - san marcos,kennett consolidated school district
,,,,,,,,,,,,,,,,,colorado college,panama-buena vista usd
,,,,,,,,,,,,,,,,,eastern michigan university,plano isd
,,,,,,,,,,,,,,,,,santa monica community college,southwest independent school district
,,,,,,,,,,,,,,,,,university of north carolina at charlotte,washington township high school
,,,,,,,,,,,,,,,,,wayne state university,montgomery public schools
,,,,,,,,,,,,,,,,,university of south dakota,new haven public schools
,,,,,,,,,,,,,,,,,ivytech community college of indiana,toledo public schools
,,,,,,,,,,,,,,,,,university of rhode island,traverse bay area i s d
,,,,,,,,,,,,,,,,,colorado school of mines,punahou school
,,,,,,,,,,,,,,,,,oberlin college,queensland educational department
,,,,,,,,,,,,,,,,,university of texas at dallas,amarillo isd
,,,,,,,,,,,,,,,,,marshall university,calgary board of education
,,,,,,,,,,,,,,,,,university of louisville,re-1 school district
,,,,,,,,,,,,,,,,,north dakota state university - computer center,bridgeport public schools
,,,,,,,,,,,,,,,,,st. catherine university,california academy of sciences
,,,,,,,,,,,,,,,,,texas christian university,carrollton-farmers branch independent school dist.
,,,,,,,,,,,,,,,,,washington & lee university,shasta county office of education
,,,,,,,,,,,,,,,,,hunter college,horry county schools
,,,,,,,,,,,,,,,,,northern illinois university,milwaukee public schools
,,,,,,,,,,,,,,,,,st. olaf college,north valley high school
,,,,,,,,,,,,,,,,,university of mary washington,bridgton academy
,,,,,,,,,,,,,,,,,plymouth state college,campbell union school district
,,,,,,,,,,,,,,,,,auburn university,green hills area education agency
,,,,,,,,,,,,,,,,,lehigh university,cupertino union school district
,,,,,,,,,,,,,,,,,university of toledo,goose creek consolidated isd
,,,,,,,,,,,,,,,,,illinois institute of technology,detroit public schools
,,,,,,,,,,,,,,,,,medical college of wisconsin,edmond schools
,,,,,,,,,,,,,,,,,suny college at new paltz,fairfield public schools
,,,,,,,,,,,,,,,,,chemeketa community college,gallup mckinley co public sch
,,,,,,,,,,,,,,,,,worcester polytechnic institute,metuchen school district
,,,,,,,,,,,,,,,,,university of cambridge,saginaw isd
,,,,,,,,,,,,,,,,,university of wisconsin oshkosh,sunnyside school district
,,,,,,,,,,,,,,,,,virginia polytechnic institute and state univ.,yakima school district
,,,,,,,,,,,,,,,,,university of dayton,hanover county public schools
,,,,,,,,,,,,,,,,,california state university network,lincoln public schools
,,,,,,,,,,,,,,,,,connecticut state university system,trenton public schools
,,,,,,,,,,,,,,,,,pima community college,grand rapids public schools
,,,,,,,,,,,,,,,,,university of wisconsin - green bay,minneapolis public schools
,,,,,,,,,,,,,,,,,luther college,montclair board of education
,,,,,,,,,,,,,,,,,thomas jefferson university,peoria school district 150
,,,,,,,,,,,,,,,,,university of phoenix,santa paula elementary school district
,,,,,,,,,,,,,,,,,east carolina university,humble independent school district
,,,,,,,,,,,,,,,,,elon university,spotsylvania county school board
,,,,,,,,,,,,,,,,,franklin and marshall college,tulare county office of education
,,,,,,,,,,,,,,,,,lone star college system district,freeport school district 145
,,,,,,,,,,,,,,,,,university of san diego,kenai peninsula borough school district
,,,,,,,,,,,,,,,,,drexel university,keystone central school district
,,,,,,,,,,,,,,,,,city university of new york,randolph macon academy
,,,,,,,,,,,,,,,,,howard university,independent school district 196
,,,,,,,,,,,,,,,,,university of texas at arlington,lafayette parish school board
,,,,,,,,,,,,,,,,,university of the pacific,macon county schools
,,,,,,,,,,,,,,,,,colleges of the fenway inc.,parkview junior high school
,,,,,,,,,,,,,,,,,sarah lawrence college,education service center region 2
,,,,,,,,,,,,,,,,,the new school,denton independent school district
,,,,,,,,,,,,,,,,,university of colorado denver,fontana unified school district
,,,,,,,,,,,,,,,,,utah state university,orange unified school district-2
,,,,,,,,,,,,,,,,,youngstown state university,los lunas schools
,,,,,,,,,,,,,,,,,georgia southern university,fremont union high school district
,,,,,,,,,,,,,,,,,old dominion university,san juan unified school district
,,,,,,,,,,,,,,,,,saint leo university,western suffolk boces
,,,,,,,,,,,,,,,,,university of southern mississippi,alisal union school
,,,,,,,,,,,,,,,,,bucknell university,bend-la pine schools
,,,,,,,,,,,,,,,,,california state university stanislaus,exeter
,,,,,,,,,,,,,,,,,eckerd college,new iberia parish schools
,,,,,,,,,,,,,,,,,james madison university,paradise valley unified school district
,,,,,,,,,,,,,,,,,mcgill university,park hill school district
,,,,,,,,,,,,,,,,,university of michigan law school,glenbrook high school district
,,,,,,,,,,,,,,,,,case western reserve university,madison metropolitan school district
,,,,,,,,,,,,,,,,,university of akron,baldwin park unified school district
,,,,,,,,,,,,,,,,,valparaiso university,osseo school district (isd279)
,,,,,,,,,,,,,,,,,brigham young university,owatonna public schools
,,,,,,,,,,,,,,,,,gonzaga university,school district of desoto county
,,,,,,,,,,,,,,,,,pepperdine university,suny brockport
,,,,,,,,,,,,,,,,,san diego community college district,chico unified school district
,,,,,,,,,,,,,,,,,ferris state university,dutchess county boces its
,,,,,,,,,,,,,,,,,suny college at oneonta,huntsville city schools
,,,,,,,,,,,,,,,,,university of toronto,san joaquin county office of education
,,,,,,,,,,,,,,,,,california state polytechnic university - pomona,tenafly board of education
,,,,,,,,,,,,,,,,,missouri state university,visalia unified school district
,,,,,,,,,,,,,,,,,clark university,louisiana board of regents/louisiana optical network initiative
,,,,,,,,,,,,,,,,,college of dupage,okc public schools
,,,,,,,,,,,,,,,,,manhattan college,st. landry parish schl brd - lf
,,,,,,,,,,,,,,,,,st. lawrence university,waco isd
,,,,,,,,,,,,,,,,,university of missouri-st. louis,
,,,,,,,,,,,,,,,,,georgia dept. of technical and adult education,
,,,,,,,,,,,,,,,,,iona college,
,,,,,,,,,,,,,,,,,elizabethtown college,
,,,,,,,,,,,,,,,,,kentucky community and technical college system,
,,,,,,,,,,,,,,,,,middle tennessee state university,
,,,,,,,,,,,,,,,,,university of california merced,
,,,,,,,,,,,,,,,,,university of michigan college of literature science and the ar,
,,,,,,,,,,,,,,,,,university of texas,
,,,,,,,,,,,,,,,,,university of wisconsin - milwaukee,
,,,,,,,,,,,,,,,,,los rios community college district,
,,,,,,,,,,,,,,,,,carroll college,
,,,,,,,,,,,,,,,,,northern kentucky university,
,,,,,,,,,,,,,,,,,connecticut college,
,,,,,,,,,,,,,,,,,hofstra university,
,,,,,,,,,,,,,,,,,houston community college system,
,,,,,,,,,,,,,,,,,simon fraser university,
,,,,,,,,,,,,,,,,,california state university los angeles,
,,,,,,,,,,,,,,,,,oxford university,
,,,,,,,,,,,,,,,,,reed college,
,,,,,,,,,,,,,,,,,villanova university,
,,,,,,,,,,,,,,,,,bard college,
,,,,,,,,,,,,,,,,,hamilton college,
,,,,,,,,,,,,,,,,,savannah college of art and design,
,,,,,,,,,,,,,,,,,university of alberta,
,,,,,,,,,,,,,,,,,california state university east bay,
,,,,,,,,,,,,,,,,,grand canyon university,
,,,,,,,,,,,,,,,,,marquette university,
,,,,,,,,,,,,,,,,,truman state university,
,,,,,,,,,,,,,,,,,bowdoin college,
,,,,,,,,,,,,,,,,,foothill-deanza community college district,
,,,,,,,,,,,,,,,,,lebanon valley college,
,,,,,,,,,,,,,,,,,sisters of notre dame,
,,,,,,,,,,,,,,,,,the university of tampa,
,,,,,,,,,,,,,,,,,university of tennessee space institute,
,,,,,,,,,,,,,,,,,loyola university maryland,
,,,,,,,,,,,,,,,,,university of nebraska at omaha,
,,,,,,,,,,,,,,,,,alamo community college,
,,,,,,,,,,,,,,,,,suffolk university,
,,,,,,,,,,,,,,,,,university of massachusetts at boston,
,,,,,,,,,,,,,,,,,university of wisconsin - stevens point wi,
,,,,,,,,,,,,,,,,,art institute of chicago,
,,,,,,,,,,,,,,,,,college of the sequoias,
,,,,,,,,,,,,,,,,,hobart and william smith colleges,
,,,,,,,,,,,,,,,,,keene state college,
,,,,,,,,,,,,,,,,,university of northern colorado,
,,,,,,,,,,,,,,,,,california institute of technology,
,,,,,,,,,,,,,,,,,east tennessee state university,
,,,,,,,,,,,,,,,,,university of british columbia,
,,,,,,,,,,,,,,,,,university of north carolina at asheville,
,,,,,,,,,,,,,,,,,university of northern iowa,
,,,,,,,,,,,,,,,,,washtenaw community college,
,,,,,,,,,,,,,,,,,wesleyan university,
,,,,,,,,,,,,,,,,,california state university san marcos,
,,,,,,,,,,,,,,,,,collin county community college district,
,,,,,,,,,,,,,,,,,concordia university chicago,
,,,,,,,,,,,,,,,,,golden gate university,
,,,,,,,,,,,,,,,,,metropolitan state university of denver,
,,,,,,,,,,,,,,,,,university of michigan academic affairs,
,,,,,,,,,,,,,,,,,allegheny college,
,,,,,,,,,,,,,,,,,boise state university,
,,,,,,,,,,,,,,,,,bridgewater state college,
,,,,,,,,,,,,,,,,,catonsville community college,
,,,,,,,,,,,,,,,,,loyola university new orleans,
,,,,,,,,,,,,,,,,,shippensburg university,
,,,,,,,,,,,,,,,,,skidmore college,
,,,,,,,,,,,,,,,,,university of california - office of the president,