Federal Government,State Government Agencies,State Governments,Local Governments,International Government,Legal,Nonprofits,Foundations,Media
department of veterans affairs,new jersey department of transportation,state of minnesota,county of riverside,government of saskatchewan communitynet,us dept of justice,natural resources defense counci,hewlettfoundation,thomson reuters (legal) inc.
department of education,indiana office of technology,state of maryland,city of philadelphia,wolverhampton,administrative office of the united states courts ,environmental defense fund,,disney worldwide services inc.
u.s. environmental protection agency,state of wi dept. of administration,state of delaware,the city of new york,haringey,new york state unified court system,npra,,turner broadcasting system inc.
u.s. house of representatives,south carolina budget and control board - chs lan,state of north dakota itd,lafayette consolidated government,edinburgh,california department of justice,center for american progress,,cbs corporation
headquarters usaisc,vermont department of information and innovation,state of rhode island,king county gov,province of british columbia,state of connecticut judicial branch,pilgrim place,,nbcuniversal
united states senate,florida department of environmental protection,state of connecticut,county of los angeles,the city of wadsworth,shute mihaly & weinberger,national parks conservation association,,fox entertainment group inc.
usda office of operations,sc state budget and control board 1616 richlnd - cae lan,state of oregon,county of marin,,sidley and austin,the world bank group,,espn inc.
navy network information center,texas commission on environmental quality,commonwealth of massachusetts,arlington county government,,texas attorney general,the interchurch center,,time inc.
dod network information center,california department of water resources,state of arkansas,hennepin county gov center,,o grady peyton int l,river keeper,,tribune publishing company llc
national aeronautics and space administration,california department of corrections,alaska state government,palm beach county,,bicker castillo fairbanks,the mitre corporation,,universal music group inc.
national park service,florida department of agriculture and consumer services,state of illinois,city of los angeles,,fti consulting,united nations logistics base,,the new york times company
us forest service,state of missouri office of administration,commonwealth of kentucky,wyckoff township,,troutman sanders llp,the nature conservancy,,kqed inc.
bureau of land management,new york state assembly/nysernet,state of tennessee,santa clara county,,maryland administrative office of the courts,conservancy of sw fl,,sony pictures entertainment inc
u.s. fish and wildlife service irm/bfo hq,south carolina budget and control board - cae lan,government of the district of columbia,san bernardino county,,fbi criminal justice information systems,,,
national institutes of health,maine bureau of taxation,state of montana,city and county of denver,,,,,
u.s. department of energy,new york city transit authority,state of utah,city of chicago,,,,,
social security administration,state of mississippi - mde,state of idaho,city of jacksonville florida,,,,,
u.s. department of state,state of new jersey department of treasury/,state of washington,city of salisbury north carolina,,,,,
national oceanic and atmospheric administration,state of wyoming department a&i,state of new mexico,croydon,,,,,
federal aviation administration,state of california air resources board,state of maine,city of phoenix,,,,,
department of housing and urban development,texas health and human services commission,arizona state government,hennepin county general services dept.,,,,,
internal revenue service,,state of nevada,city of dallas,,,,,
general services admin,,michigan state government,city of roseville - minnesota,,,,,
u.s. center for disease control and prevention,,state of mississippi,fairfax county government,,,,,
united states patent and trademark office,,state of new jersey,city of albuquerque,,,,,
national center for atmospheric research,,,city of aurora,,,,,
health & welfare agency data center,,,adams county,,,,,
u.s. dept. of commerce - noaa - nmfs,,,port of seattle,,,,,
department of transportation,,,city of boulder,,,,,
u.s. department of transportation,,,public utility district no. 1 of okanogan county,,,,,
department of administrative services,,,city of austin texas,,,,,
executive office of the president,,,city of sandy,,,,,
national oceanic and atmospheric administration,,,city of seattle,,,,,
the national oceanic and atmospheric administration,,,alameda county,,,,,
us doi bureau of land management,,,pima county,,,,,
lawrence berkeley national laboratory,,,palm beach county 20 s military,,,,,
u.s. geological survey,,,county of lake,,,,,
health and welfare agency data center,,,contra costa housing authority,,,,,
smithsonian institution,,,county of san mateo,,,,,
indian health service,,,msd of washington township,,,,,
united states postal service.,,,city of wyandotte,,,,,
u.s. department of the interior,,,county of sacramento,,,,,
department of interior,,,city of opelika al,,,,,
u.s. dept. of agriculture - fs,,,metropolitan government of nashville,,,,,
los alamos national laboratory,,,city of el paso,,,,,
noaa-boulder,,,city of cerritos,,,,,
,,,city of portland,,,,,
,,,city of richmond,,,,,
,,,nyc economic development corporation,,,,,
,,,city of riverside,,,,,
,,,south coast air quality management district,,,,,
,,,town of concord ma,,,,,
,,,city of temecula,,,,,
,,,state of california-dts-mis city of long beach,,,,,
,,,charter county of wayne,,,,,
,,,city of boston,,,,,